global,year,version,carbon_emissions_from_gas_flaring
world,1751,1751_2008,0.0000
world,1752,1751_2008,0.0000
world,1753,1751_2008,0.0000
world,1754,1751_2008,0.0000
world,1755,1751_2008,0.0000
world,1756,1751_2008,0.0000
world,1757,1751_2008,0.0000
world,1758,1751_2008,0.0000
world,1759,1751_2008,0.0000
world,1760,1751_2008,0.0000
world,1761,1751_2008,0.0000
world,1762,1751_2008,0.0000
world,1763,1751_2008,0.0000
world,1764,1751_2008,0.0000
world,1765,1751_2008,0.0000
world,1766,1751_2008,0.0000
world,1767,1751_2008,0.0000
world,1768,1751_2008,0.0000
world,1769,1751_2008,0.0000
world,1770,1751_2008,0.0000
world,1771,1751_2008,0.0000
world,1772,1751_2008,0.0000
world,1773,1751_2008,0.0000
world,1774,1751_2008,0.0000
world,1775,1751_2008,0.0000
world,1776,1751_2008,0.0000
world,1777,1751_2008,0.0000
world,1778,1751_2008,0.0000
world,1779,1751_2008,0.0000
world,1780,1751_2008,0.0000
world,1781,1751_2008,0.0000
world,1782,1751_2008,0.0000
world,1783,1751_2008,0.0000
world,1784,1751_2008,0.0000
world,1785,1751_2008,0.0000
world,1786,1751_2008,0.0000
world,1787,1751_2008,0.0000
world,1788,1751_2008,0.0000
world,1789,1751_2008,0.0000
world,1790,1751_2008,0.0000
world,1791,1751_2008,0.0000
world,1792,1751_2008,0.0000
world,1793,1751_2008,0.0000
world,1794,1751_2008,0.0000
world,1795,1751_2008,0.0000
world,1796,1751_2008,0.0000
world,1797,1751_2008,0.0000
world,1798,1751_2008,0.0000
world,1799,1751_2008,0.0000
world,1800,1751_2008,0.0000
world,1801,1751_2008,0.0000
world,1802,1751_2008,0.0000
world,1803,1751_2008,0.0000
world,1804,1751_2008,0.0000
world,1805,1751_2008,0.0000
world,1806,1751_2008,0.0000
world,1807,1751_2008,0.0000
world,1808,1751_2008,0.0000
world,1809,1751_2008,0.0000
world,1810,1751_2008,0.0000
world,1811,1751_2008,0.0000
world,1812,1751_2008,0.0000
world,1813,1751_2008,0.0000
world,1814,1751_2008,0.0000
world,1815,1751_2008,0.0000
world,1816,1751_2008,0.0000
world,1817,1751_2008,0.0000
world,1818,1751_2008,0.0000
world,1819,1751_2008,0.0000
world,1820,1751_2008,0.0000
world,1821,1751_2008,0.0000
world,1822,1751_2008,0.0000
world,1823,1751_2008,0.0000
world,1824,1751_2008,0.0000
world,1825,1751_2008,0.0000
world,1826,1751_2008,0.0000
world,1827,1751_2008,0.0000
world,1828,1751_2008,0.0000
world,1829,1751_2008,0.0000
world,1830,1751_2008,0.0000
world,1831,1751_2008,0.0000
world,1832,1751_2008,0.0000
world,1833,1751_2008,0.0000
world,1834,1751_2008,0.0000
world,1835,1751_2008,0.0000
world,1836,1751_2008,0.0000
world,1837,1751_2008,0.0000
world,1838,1751_2008,0.0000
world,1839,1751_2008,0.0000
world,1840,1751_2008,0.0000
world,1841,1751_2008,0.0000
world,1842,1751_2008,0.0000
world,1843,1751_2008,0.0000
world,1844,1751_2008,0.0000
world,1845,1751_2008,0.0000
world,1846,1751_2008,0.0000
world,1847,1751_2008,0.0000
world,1848,1751_2008,0.0000
world,1849,1751_2008,0.0000
world,1850,1751_2008,0.0000
world,1851,1751_2008,0.0000
world,1852,1751_2008,0.0000
world,1853,1751_2008,0.0000
world,1854,1751_2008,0.0000
world,1855,1751_2008,0.0000
world,1856,1751_2008,0.0000
world,1857,1751_2008,0.0000
world,1858,1751_2008,0.0000
world,1859,1751_2008,0.0000
world,1860,1751_2008,0.0000
world,1861,1751_2008,0.0000
world,1862,1751_2008,0.0000
world,1863,1751_2008,0.0000
world,1864,1751_2008,0.0000
world,1865,1751_2008,0.0000
world,1866,1751_2008,0.0000
world,1867,1751_2008,0.0000
world,1868,1751_2008,0.0000
world,1869,1751_2008,0.0000
world,1870,1751_2008,0.0000
world,1871,1751_2008,0.0000
world,1872,1751_2008,0.0000
world,1873,1751_2008,0.0000
world,1874,1751_2008,0.0000
world,1875,1751_2008,0.0000
world,1876,1751_2008,0.0000
world,1877,1751_2008,0.0000
world,1878,1751_2008,0.0000
world,1879,1751_2008,0.0000
world,1880,1751_2008,0.0000
world,1881,1751_2008,0.0000
world,1882,1751_2008,0.0000
world,1883,1751_2008,0.0000
world,1884,1751_2008,0.0000
world,1885,1751_2008,0.0000
world,1886,1751_2008,0.0000
world,1887,1751_2008,0.0000
world,1888,1751_2008,0.0000
world,1889,1751_2008,0.0000
world,1890,1751_2008,0.0000
world,1891,1751_2008,0.0000
world,1892,1751_2008,0.0000
world,1893,1751_2008,0.0000
world,1894,1751_2008,0.0000
world,1895,1751_2008,0.0000
world,1896,1751_2008,0.0000
world,1897,1751_2008,0.0000
world,1898,1751_2008,0.0000
world,1899,1751_2008,0.0000
world,1900,1751_2008,0.0000
world,1901,1751_2008,0.0000
world,1902,1751_2008,0.0000
world,1903,1751_2008,0.0000
world,1904,1751_2008,0.0000
world,1905,1751_2008,0.0000
world,1906,1751_2008,0.0000
world,1907,1751_2008,0.0000
world,1908,1751_2008,0.0000
world,1909,1751_2008,0.0000
world,1910,1751_2008,0.0000
world,1911,1751_2008,0.0000
world,1912,1751_2008,0.0000
world,1913,1751_2008,0.0000
world,1914,1751_2008,0.0000
world,1915,1751_2008,0.0000
world,1916,1751_2008,0.0000
world,1917,1751_2008,0.0000
world,1918,1751_2008,0.0000
world,1919,1751_2008,0.0000
world,1920,1751_2008,0.0000
world,1921,1751_2008,0.0000
world,1922,1751_2008,0.0000
world,1923,1751_2008,0.0000
world,1924,1751_2008,0.0000
world,1925,1751_2008,0.0000
world,1926,1751_2008,0.0000
world,1927,1751_2008,0.0000
world,1928,1751_2008,0.0000
world,1929,1751_2008,0.0000
world,1930,1751_2008,0.0000
world,1931,1751_2008,0.0000
world,1932,1751_2008,0.0000
world,1933,1751_2008,0.0000
world,1934,1751_2008,0.0000
world,1935,1751_2008,0.0000
world,1936,1751_2008,0.0000
world,1937,1751_2008,0.0000
world,1938,1751_2008,0.0000
world,1939,1751_2008,0.0000
world,1940,1751_2008,0.0000
world,1941,1751_2008,0.0000
world,1942,1751_2008,0.0000
world,1943,1751_2008,0.0000
world,1944,1751_2008,0.0000
world,1945,1751_2008,0.0000
world,1946,1751_2008,0.0000
world,1947,1751_2008,0.0000
world,1948,1751_2008,0.0000
world,1949,1751_2008,0.0000
world,1950,1751_2008,23.000
world,1951,1751_2008,24.000
world,1952,1751_2008,26.000
world,1953,1751_2008,27.000
world,1954,1751_2008,27.000
world,1955,1751_2008,31.000
world,1956,1751_2008,32.000
world,1957,1751_2008,35.000
world,1958,1751_2008,35.000
world,1959,1751_2008,36.000
world,1960,1751_2008,39.000
world,1961,1751_2008,42.000
world,1962,1751_2008,44.000
world,1963,1751_2008,47.000
world,1964,1751_2008,51.000
world,1965,1751_2008,55.000
world,1966,1751_2008,60.000
world,1967,1751_2008,66.000
world,1968,1751_2008,73.000
world,1969,1751_2008,80.000
world,1970,1751_2008,87.000
world,1971,1751_2008,88.000
world,1972,1751_2008,94.000
world,1973,1751_2008,110.00
world,1974,1751_2008,107.00
world,1975,1751_2008,92.000
world,1976,1751_2008,108.00
world,1977,1751_2008,104.00
world,1978,1751_2008,106.00
world,1979,1751_2008,98.000
world,1980,1751_2008,86.000
world,1981,1751_2008,64.000
world,1982,1751_2008,64.000
world,1983,1751_2008,58.000
world,1984,1751_2008,51.000
world,1985,1751_2008,49.000
world,1986,1751_2008,46.000
world,1987,1751_2008,44.000
world,1988,1751_2008,50.000
world,1989,1751_2008,41.000
world,1990,1751_2008,40.000
world,1991,1751_2008,44.000
world,1992,1751_2008,35.000
world,1993,1751_2008,36.000
world,1994,1751_2008,38.000
world,1995,1751_2008,38.000
world,1996,1751_2008,39.000
world,1997,1751_2008,41.000
world,1998,1751_2008,37.000
world,1999,1751_2008,37.000
world,2000,1751_2008,48.000
world,2001,1751_2008,46.000
world,2002,1751_2008,48.000
world,2003,1751_2008,47.000
world,2004,1751_2008,55.000
world,2005,1751_2008,61.000
world,2006,1751_2008,62.000
world,2007,1751_2008,68.000
world,2008,1751_2008,73.000
world,1751,1751_2009,0.0000
world,1752,1751_2009,0.0000
world,1753,1751_2009,0.0000
world,1754,1751_2009,0.0000
world,1755,1751_2009,0.0000
world,1756,1751_2009,0.0000
world,1757,1751_2009,0.0000
world,1758,1751_2009,0.0000
world,1759,1751_2009,0.0000
world,1760,1751_2009,0.0000
world,1761,1751_2009,0.0000
world,1762,1751_2009,0.0000
world,1763,1751_2009,0.0000
world,1764,1751_2009,0.0000
world,1765,1751_2009,0.0000
world,1766,1751_2009,0.0000
world,1767,1751_2009,0.0000
world,1768,1751_2009,0.0000
world,1769,1751_2009,0.0000
world,1770,1751_2009,0.0000
world,1771,1751_2009,0.0000
world,1772,1751_2009,0.0000
world,1773,1751_2009,0.0000
world,1774,1751_2009,0.0000
world,1775,1751_2009,0.0000
world,1776,1751_2009,0.0000
world,1777,1751_2009,0.0000
world,1778,1751_2009,0.0000
world,1779,1751_2009,0.0000
world,1780,1751_2009,0.0000
world,1781,1751_2009,0.0000
world,1782,1751_2009,0.0000
world,1783,1751_2009,0.0000
world,1784,1751_2009,0.0000
world,1785,1751_2009,0.0000
world,1786,1751_2009,0.0000
world,1787,1751_2009,0.0000
world,1788,1751_2009,0.0000
world,1789,1751_2009,0.0000
world,1790,1751_2009,0.0000
world,1791,1751_2009,0.0000
world,1792,1751_2009,0.0000
world,1793,1751_2009,0.0000
world,1794,1751_2009,0.0000
world,1795,1751_2009,0.0000
world,1796,1751_2009,0.0000
world,1797,1751_2009,0.0000
world,1798,1751_2009,0.0000
world,1799,1751_2009,0.0000
world,1800,1751_2009,0.0000
world,1801,1751_2009,0.0000
world,1802,1751_2009,0.0000
world,1803,1751_2009,0.0000
world,1804,1751_2009,0.0000
world,1805,1751_2009,0.0000
world,1806,1751_2009,0.0000
world,1807,1751_2009,0.0000
world,1808,1751_2009,0.0000
world,1809,1751_2009,0.0000
world,1810,1751_2009,0.0000
world,1811,1751_2009,0.0000
world,1812,1751_2009,0.0000
world,1813,1751_2009,0.0000
world,1814,1751_2009,0.0000
world,1815,1751_2009,0.0000
world,1816,1751_2009,0.0000
world,1817,1751_2009,0.0000
world,1818,1751_2009,0.0000
world,1819,1751_2009,0.0000
world,1820,1751_2009,0.0000
world,1821,1751_2009,0.0000
world,1822,1751_2009,0.0000
world,1823,1751_2009,0.0000
world,1824,1751_2009,0.0000
world,1825,1751_2009,0.0000
world,1826,1751_2009,0.0000
world,1827,1751_2009,0.0000
world,1828,1751_2009,0.0000
world,1829,1751_2009,0.0000
world,1830,1751_2009,0.0000
world,1831,1751_2009,0.0000
world,1832,1751_2009,0.0000
world,1833,1751_2009,0.0000
world,1834,1751_2009,0.0000
world,1835,1751_2009,0.0000
world,1836,1751_2009,0.0000
world,1837,1751_2009,0.0000
world,1838,1751_2009,0.0000
world,1839,1751_2009,0.0000
world,1840,1751_2009,0.0000
world,1841,1751_2009,0.0000
world,1842,1751_2009,0.0000
world,1843,1751_2009,0.0000
world,1844,1751_2009,0.0000
world,1845,1751_2009,0.0000
world,1846,1751_2009,0.0000
world,1847,1751_2009,0.0000
world,1848,1751_2009,0.0000
world,1849,1751_2009,0.0000
world,1850,1751_2009,0.0000
world,1851,1751_2009,0.0000
world,1852,1751_2009,0.0000
world,1853,1751_2009,0.0000
world,1854,1751_2009,0.0000
world,1855,1751_2009,0.0000
world,1856,1751_2009,0.0000
world,1857,1751_2009,0.0000
world,1858,1751_2009,0.0000
world,1859,1751_2009,0.0000
world,1860,1751_2009,0.0000
world,1861,1751_2009,0.0000
world,1862,1751_2009,0.0000
world,1863,1751_2009,0.0000
world,1864,1751_2009,0.0000
world,1865,1751_2009,0.0000
world,1866,1751_2009,0.0000
world,1867,1751_2009,0.0000
world,1868,1751_2009,0.0000
world,1869,1751_2009,0.0000
world,1870,1751_2009,0.0000
world,1871,1751_2009,0.0000
world,1872,1751_2009,0.0000
world,1873,1751_2009,0.0000
world,1874,1751_2009,0.0000
world,1875,1751_2009,0.0000
world,1876,1751_2009,0.0000
world,1877,1751_2009,0.0000
world,1878,1751_2009,0.0000
world,1879,1751_2009,0.0000
world,1880,1751_2009,0.0000
world,1881,1751_2009,0.0000
world,1882,1751_2009,0.0000
world,1883,1751_2009,0.0000
world,1884,1751_2009,0.0000
world,1885,1751_2009,0.0000
world,1886,1751_2009,0.0000
world,1887,1751_2009,0.0000
world,1888,1751_2009,0.0000
world,1889,1751_2009,0.0000
world,1890,1751_2009,0.0000
world,1891,1751_2009,0.0000
world,1892,1751_2009,0.0000
world,1893,1751_2009,0.0000
world,1894,1751_2009,0.0000
world,1895,1751_2009,0.0000
world,1896,1751_2009,0.0000
world,1897,1751_2009,0.0000
world,1898,1751_2009,0.0000
world,1899,1751_2009,0.0000
world,1900,1751_2009,0.0000
world,1901,1751_2009,0.0000
world,1902,1751_2009,0.0000
world,1903,1751_2009,0.0000
world,1904,1751_2009,0.0000
world,1905,1751_2009,0.0000
world,1906,1751_2009,0.0000
world,1907,1751_2009,0.0000
world,1908,1751_2009,0.0000
world,1909,1751_2009,0.0000
world,1910,1751_2009,0.0000
world,1911,1751_2009,0.0000
world,1912,1751_2009,0.0000
world,1913,1751_2009,0.0000
world,1914,1751_2009,0.0000
world,1915,1751_2009,0.0000
world,1916,1751_2009,0.0000
world,1917,1751_2009,0.0000
world,1918,1751_2009,0.0000
world,1919,1751_2009,0.0000
world,1920,1751_2009,0.0000
world,1921,1751_2009,0.0000
world,1922,1751_2009,0.0000
world,1923,1751_2009,0.0000
world,1924,1751_2009,0.0000
world,1925,1751_2009,0.0000
world,1926,1751_2009,0.0000
world,1927,1751_2009,0.0000
world,1928,1751_2009,0.0000
world,1929,1751_2009,0.0000
world,1930,1751_2009,0.0000
world,1931,1751_2009,0.0000
world,1932,1751_2009,0.0000
world,1933,1751_2009,0.0000
world,1934,1751_2009,0.0000
world,1935,1751_2009,0.0000
world,1936,1751_2009,0.0000
world,1937,1751_2009,0.0000
world,1938,1751_2009,0.0000
world,1939,1751_2009,0.0000
world,1940,1751_2009,0.0000
world,1941,1751_2009,0.0000
world,1942,1751_2009,0.0000
world,1943,1751_2009,0.0000
world,1944,1751_2009,0.0000
world,1945,1751_2009,0.0000
world,1946,1751_2009,0.0000
world,1947,1751_2009,0.0000
world,1948,1751_2009,0.0000
world,1949,1751_2009,0.0000
world,1950,1751_2009,23.000
world,1951,1751_2009,24.000
world,1952,1751_2009,26.000
world,1953,1751_2009,27.000
world,1954,1751_2009,27.000
world,1955,1751_2009,31.000
world,1956,1751_2009,32.000
world,1957,1751_2009,35.000
world,1958,1751_2009,35.000
world,1959,1751_2009,36.000
world,1960,1751_2009,39.000
world,1961,1751_2009,42.000
world,1962,1751_2009,44.000
world,1963,1751_2009,47.000
world,1964,1751_2009,51.000
world,1965,1751_2009,55.000
world,1966,1751_2009,60.000
world,1967,1751_2009,66.000
world,1968,1751_2009,73.000
world,1969,1751_2009,80.000
world,1970,1751_2009,87.000
world,1971,1751_2009,88.000
world,1972,1751_2009,94.000
world,1973,1751_2009,110.00
world,1974,1751_2009,107.00
world,1975,1751_2009,92.000
world,1976,1751_2009,108.00
world,1977,1751_2009,104.00
world,1978,1751_2009,106.00
world,1979,1751_2009,98.000
world,1980,1751_2009,86.000
world,1981,1751_2009,64.000
world,1982,1751_2009,64.000
world,1983,1751_2009,58.000
world,1984,1751_2009,51.000
world,1985,1751_2009,49.000
world,1986,1751_2009,46.000
world,1987,1751_2009,44.000
world,1988,1751_2009,50.000
world,1989,1751_2009,41.000
world,1990,1751_2009,40.000
world,1991,1751_2009,44.000
world,1992,1751_2009,35.000
world,1993,1751_2009,36.000
world,1994,1751_2009,38.000
world,1995,1751_2009,36.000
world,1996,1751_2009,37.000
world,1997,1751_2009,38.000
world,1998,1751_2009,35.000
world,1999,1751_2009,33.000
world,2000,1751_2009,45.000
world,2001,1751_2009,46.000
world,2002,1751_2009,48.000
world,2003,1751_2009,48.000
world,2004,1751_2009,53.000
world,2005,1751_2009,60.000
world,2006,1751_2009,61.000
world,2007,1751_2009,68.000
world,2008,1751_2009,71.000
world,2009,1751_2009,66.000
world,1751,1751_2010,0.0000
world,1752,1751_2010,0.0000
world,1753,1751_2010,0.0000
world,1754,1751_2010,0.0000
world,1755,1751_2010,0.0000
world,1756,1751_2010,0.0000
world,1757,1751_2010,0.0000
world,1758,1751_2010,0.0000
world,1759,1751_2010,0.0000
world,1760,1751_2010,0.0000
world,1761,1751_2010,0.0000
world,1762,1751_2010,0.0000
world,1763,1751_2010,0.0000
world,1764,1751_2010,0.0000
world,1765,1751_2010,0.0000
world,1766,1751_2010,0.0000
world,1767,1751_2010,0.0000
world,1768,1751_2010,0.0000
world,1769,1751_2010,0.0000
world,1770,1751_2010,0.0000
world,1771,1751_2010,0.0000
world,1772,1751_2010,0.0000
world,1773,1751_2010,0.0000
world,1774,1751_2010,0.0000
world,1775,1751_2010,0.0000
world,1776,1751_2010,0.0000
world,1777,1751_2010,0.0000
world,1778,1751_2010,0.0000
world,1779,1751_2010,0.0000
world,1780,1751_2010,0.0000
world,1781,1751_2010,0.0000
world,1782,1751_2010,0.0000
world,1783,1751_2010,0.0000
world,1784,1751_2010,0.0000
world,1785,1751_2010,0.0000
world,1786,1751_2010,0.0000
world,1787,1751_2010,0.0000
world,1788,1751_2010,0.0000
world,1789,1751_2010,0.0000
world,1790,1751_2010,0.0000
world,1791,1751_2010,0.0000
world,1792,1751_2010,0.0000
world,1793,1751_2010,0.0000
world,1794,1751_2010,0.0000
world,1795,1751_2010,0.0000
world,1796,1751_2010,0.0000
world,1797,1751_2010,0.0000
world,1798,1751_2010,0.0000
world,1799,1751_2010,0.0000
world,1800,1751_2010,0.0000
world,1801,1751_2010,0.0000
world,1802,1751_2010,0.0000
world,1803,1751_2010,0.0000
world,1804,1751_2010,0.0000
world,1805,1751_2010,0.0000
world,1806,1751_2010,0.0000
world,1807,1751_2010,0.0000
world,1808,1751_2010,0.0000
world,1809,1751_2010,0.0000
world,1810,1751_2010,0.0000
world,1811,1751_2010,0.0000
world,1812,1751_2010,0.0000
world,1813,1751_2010,0.0000
world,1814,1751_2010,0.0000
world,1815,1751_2010,0.0000
world,1816,1751_2010,0.0000
world,1817,1751_2010,0.0000
world,1818,1751_2010,0.0000
world,1819,1751_2010,0.0000
world,1820,1751_2010,0.0000
world,1821,1751_2010,0.0000
world,1822,1751_2010,0.0000
world,1823,1751_2010,0.0000
world,1824,1751_2010,0.0000
world,1825,1751_2010,0.0000
world,1826,1751_2010,0.0000
world,1827,1751_2010,0.0000
world,1828,1751_2010,0.0000
world,1829,1751_2010,0.0000
world,1830,1751_2010,0.0000
world,1831,1751_2010,0.0000
world,1832,1751_2010,0.0000
world,1833,1751_2010,0.0000
world,1834,1751_2010,0.0000
world,1835,1751_2010,0.0000
world,1836,1751_2010,0.0000
world,1837,1751_2010,0.0000
world,1838,1751_2010,0.0000
world,1839,1751_2010,0.0000
world,1840,1751_2010,0.0000
world,1841,1751_2010,0.0000
world,1842,1751_2010,0.0000
world,1843,1751_2010,0.0000
world,1844,1751_2010,0.0000
world,1845,1751_2010,0.0000
world,1846,1751_2010,0.0000
world,1847,1751_2010,0.0000
world,1848,1751_2010,0.0000
world,1849,1751_2010,0.0000
world,1850,1751_2010,0.0000
world,1851,1751_2010,0.0000
world,1852,1751_2010,0.0000
world,1853,1751_2010,0.0000
world,1854,1751_2010,0.0000
world,1855,1751_2010,0.0000
world,1856,1751_2010,0.0000
world,1857,1751_2010,0.0000
world,1858,1751_2010,0.0000
world,1859,1751_2010,0.0000
world,1860,1751_2010,0.0000
world,1861,1751_2010,0.0000
world,1862,1751_2010,0.0000
world,1863,1751_2010,0.0000
world,1864,1751_2010,0.0000
world,1865,1751_2010,0.0000
world,1866,1751_2010,0.0000
world,1867,1751_2010,0.0000
world,1868,1751_2010,0.0000
world,1869,1751_2010,0.0000
world,1870,1751_2010,0.0000
world,1871,1751_2010,0.0000
world,1872,1751_2010,0.0000
world,1873,1751_2010,0.0000
world,1874,1751_2010,0.0000
world,1875,1751_2010,0.0000
world,1876,1751_2010,0.0000
world,1877,1751_2010,0.0000
world,1878,1751_2010,0.0000
world,1879,1751_2010,0.0000
world,1880,1751_2010,0.0000
world,1881,1751_2010,0.0000
world,1882,1751_2010,0.0000
world,1883,1751_2010,0.0000
world,1884,1751_2010,0.0000
world,1885,1751_2010,0.0000
world,1886,1751_2010,0.0000
world,1887,1751_2010,0.0000
world,1888,1751_2010,0.0000
world,1889,1751_2010,0.0000
world,1890,1751_2010,0.0000
world,1891,1751_2010,0.0000
world,1892,1751_2010,0.0000
world,1893,1751_2010,0.0000
world,1894,1751_2010,0.0000
world,1895,1751_2010,0.0000
world,1896,1751_2010,0.0000
world,1897,1751_2010,0.0000
world,1898,1751_2010,0.0000
world,1899,1751_2010,0.0000
world,1900,1751_2010,0.0000
world,1901,1751_2010,0.0000
world,1902,1751_2010,0.0000
world,1903,1751_2010,0.0000
world,1904,1751_2010,0.0000
world,1905,1751_2010,0.0000
world,1906,1751_2010,0.0000
world,1907,1751_2010,0.0000
world,1908,1751_2010,0.0000
world,1909,1751_2010,0.0000
world,1910,1751_2010,0.0000
world,1911,1751_2010,0.0000
world,1912,1751_2010,0.0000
world,1913,1751_2010,0.0000
world,1914,1751_2010,0.0000
world,1915,1751_2010,0.0000
world,1916,1751_2010,0.0000
world,1917,1751_2010,0.0000
world,1918,1751_2010,0.0000
world,1919,1751_2010,0.0000
world,1920,1751_2010,0.0000
world,1921,1751_2010,0.0000
world,1922,1751_2010,0.0000
world,1923,1751_2010,0.0000
world,1924,1751_2010,0.0000
world,1925,1751_2010,0.0000
world,1926,1751_2010,0.0000
world,1927,1751_2010,0.0000
world,1928,1751_2010,0.0000
world,1929,1751_2010,0.0000
world,1930,1751_2010,0.0000
world,1931,1751_2010,0.0000
world,1932,1751_2010,0.0000
world,1933,1751_2010,0.0000
world,1934,1751_2010,0.0000
world,1935,1751_2010,0.0000
world,1936,1751_2010,0.0000
world,1937,1751_2010,0.0000
world,1938,1751_2010,0.0000
world,1939,1751_2010,0.0000
world,1940,1751_2010,0.0000
world,1941,1751_2010,0.0000
world,1942,1751_2010,0.0000
world,1943,1751_2010,0.0000
world,1944,1751_2010,0.0000
world,1945,1751_2010,0.0000
world,1946,1751_2010,0.0000
world,1947,1751_2010,0.0000
world,1948,1751_2010,0.0000
world,1949,1751_2010,0.0000
world,1950,1751_2010,23.000
world,1951,1751_2010,24.000
world,1952,1751_2010,26.000
world,1953,1751_2010,27.000
world,1954,1751_2010,27.000
world,1955,1751_2010,31.000
world,1956,1751_2010,32.000
world,1957,1751_2010,35.000
world,1958,1751_2010,35.000
world,1959,1751_2010,36.000
world,1960,1751_2010,39.000
world,1961,1751_2010,42.000
world,1962,1751_2010,44.000
world,1963,1751_2010,47.000
world,1964,1751_2010,51.000
world,1965,1751_2010,55.000
world,1966,1751_2010,60.000
world,1967,1751_2010,66.000
world,1968,1751_2010,73.000
world,1969,1751_2010,80.000
world,1970,1751_2010,87.000
world,1971,1751_2010,88.000
world,1972,1751_2010,94.000
world,1973,1751_2010,110.00
world,1974,1751_2010,107.00
world,1975,1751_2010,92.000
world,1976,1751_2010,108.00
world,1977,1751_2010,104.00
world,1978,1751_2010,106.00
world,1979,1751_2010,98.000
world,1980,1751_2010,86.000
world,1981,1751_2010,64.000
world,1982,1751_2010,64.000
world,1983,1751_2010,58.000
world,1984,1751_2010,51.000
world,1985,1751_2010,49.000
world,1986,1751_2010,46.000
world,1987,1751_2010,44.000
world,1988,1751_2010,50.000
world,1989,1751_2010,41.000
world,1990,1751_2010,40.000
world,1991,1751_2010,44.000
world,1992,1751_2010,35.000
world,1993,1751_2010,36.000
world,1994,1751_2010,38.000
world,1995,1751_2010,36.000
world,1996,1751_2010,37.000
world,1997,1751_2010,38.000
world,1998,1751_2010,35.000
world,1999,1751_2010,33.000
world,2000,1751_2010,45.000
world,2001,1751_2010,46.000
world,2002,1751_2010,48.000
world,2003,1751_2010,48.000
world,2004,1751_2010,53.000
world,2005,1751_2010,60.000
world,2006,1751_2010,61.000
world,2007,1751_2010,68.000
world,2008,1751_2010,71.000
world,2009,1751_2010,66.000
world,2010,1751_2010,59.000
world,1751,1751_2011,0.0000
world,1752,1751_2011,0.0000
world,1753,1751_2011,0.0000
world,1754,1751_2011,0.0000
world,1755,1751_2011,0.0000
world,1756,1751_2011,0.0000
world,1757,1751_2011,0.0000
world,1758,1751_2011,0.0000
world,1759,1751_2011,0.0000
world,1760,1751_2011,0.0000
world,1761,1751_2011,0.0000
world,1762,1751_2011,0.0000
world,1763,1751_2011,0.0000
world,1764,1751_2011,0.0000
world,1765,1751_2011,0.0000
world,1766,1751_2011,0.0000
world,1767,1751_2011,0.0000
world,1768,1751_2011,0.0000
world,1769,1751_2011,0.0000
world,1770,1751_2011,0.0000
world,1771,1751_2011,0.0000
world,1772,1751_2011,0.0000
world,1773,1751_2011,0.0000
world,1774,1751_2011,0.0000
world,1775,1751_2011,0.0000
world,1776,1751_2011,0.0000
world,1777,1751_2011,0.0000
world,1778,1751_2011,0.0000
world,1779,1751_2011,0.0000
world,1780,1751_2011,0.0000
world,1781,1751_2011,0.0000
world,1782,1751_2011,0.0000
world,1783,1751_2011,0.0000
world,1784,1751_2011,0.0000
world,1785,1751_2011,0.0000
world,1786,1751_2011,0.0000
world,1787,1751_2011,0.0000
world,1788,1751_2011,0.0000
world,1789,1751_2011,0.0000
world,1790,1751_2011,0.0000
world,1791,1751_2011,0.0000
world,1792,1751_2011,0.0000
world,1793,1751_2011,0.0000
world,1794,1751_2011,0.0000
world,1795,1751_2011,0.0000
world,1796,1751_2011,0.0000
world,1797,1751_2011,0.0000
world,1798,1751_2011,0.0000
world,1799,1751_2011,0.0000
world,1800,1751_2011,0.0000
world,1801,1751_2011,0.0000
world,1802,1751_2011,0.0000
world,1803,1751_2011,0.0000
world,1804,1751_2011,0.0000
world,1805,1751_2011,0.0000
world,1806,1751_2011,0.0000
world,1807,1751_2011,0.0000
world,1808,1751_2011,0.0000
world,1809,1751_2011,0.0000
world,1810,1751_2011,0.0000
world,1811,1751_2011,0.0000
world,1812,1751_2011,0.0000
world,1813,1751_2011,0.0000
world,1814,1751_2011,0.0000
world,1815,1751_2011,0.0000
world,1816,1751_2011,0.0000
world,1817,1751_2011,0.0000
world,1818,1751_2011,0.0000
world,1819,1751_2011,0.0000
world,1820,1751_2011,0.0000
world,1821,1751_2011,0.0000
world,1822,1751_2011,0.0000
world,1823,1751_2011,0.0000
world,1824,1751_2011,0.0000
world,1825,1751_2011,0.0000
world,1826,1751_2011,0.0000
world,1827,1751_2011,0.0000
world,1828,1751_2011,0.0000
world,1829,1751_2011,0.0000
world,1830,1751_2011,0.0000
world,1831,1751_2011,0.0000
world,1832,1751_2011,0.0000
world,1833,1751_2011,0.0000
world,1834,1751_2011,0.0000
world,1835,1751_2011,0.0000
world,1836,1751_2011,0.0000
world,1837,1751_2011,0.0000
world,1838,1751_2011,0.0000
world,1839,1751_2011,0.0000
world,1840,1751_2011,0.0000
world,1841,1751_2011,0.0000
world,1842,1751_2011,0.0000
world,1843,1751_2011,0.0000
world,1844,1751_2011,0.0000
world,1845,1751_2011,0.0000
world,1846,1751_2011,0.0000
world,1847,1751_2011,0.0000
world,1848,1751_2011,0.0000
world,1849,1751_2011,0.0000
world,1850,1751_2011,0.0000
world,1851,1751_2011,0.0000
world,1852,1751_2011,0.0000
world,1853,1751_2011,0.0000
world,1854,1751_2011,0.0000
world,1855,1751_2011,0.0000
world,1856,1751_2011,0.0000
world,1857,1751_2011,0.0000
world,1858,1751_2011,0.0000
world,1859,1751_2011,0.0000
world,1860,1751_2011,0.0000
world,1861,1751_2011,0.0000
world,1862,1751_2011,0.0000
world,1863,1751_2011,0.0000
world,1864,1751_2011,0.0000
world,1865,1751_2011,0.0000
world,1866,1751_2011,0.0000
world,1867,1751_2011,0.0000
world,1868,1751_2011,0.0000
world,1869,1751_2011,0.0000
world,1870,1751_2011,0.0000
world,1871,1751_2011,0.0000
world,1872,1751_2011,0.0000
world,1873,1751_2011,0.0000
world,1874,1751_2011,0.0000
world,1875,1751_2011,0.0000
world,1876,1751_2011,0.0000
world,1877,1751_2011,0.0000
world,1878,1751_2011,0.0000
world,1879,1751_2011,0.0000
world,1880,1751_2011,0.0000
world,1881,1751_2011,0.0000
world,1882,1751_2011,0.0000
world,1883,1751_2011,0.0000
world,1884,1751_2011,0.0000
world,1885,1751_2011,0.0000
world,1886,1751_2011,0.0000
world,1887,1751_2011,0.0000
world,1888,1751_2011,0.0000
world,1889,1751_2011,0.0000
world,1890,1751_2011,0.0000
world,1891,1751_2011,0.0000
world,1892,1751_2011,0.0000
world,1893,1751_2011,0.0000
world,1894,1751_2011,0.0000
world,1895,1751_2011,0.0000
world,1896,1751_2011,0.0000
world,1897,1751_2011,0.0000
world,1898,1751_2011,0.0000
world,1899,1751_2011,0.0000
world,1900,1751_2011,0.0000
world,1901,1751_2011,0.0000
world,1902,1751_2011,0.0000
world,1903,1751_2011,0.0000
world,1904,1751_2011,0.0000
world,1905,1751_2011,0.0000
world,1906,1751_2011,0.0000
world,1907,1751_2011,0.0000
world,1908,1751_2011,0.0000
world,1909,1751_2011,0.0000
world,1910,1751_2011,0.0000
world,1911,1751_2011,0.0000
world,1912,1751_2011,0.0000
world,1913,1751_2011,0.0000
world,1914,1751_2011,0.0000
world,1915,1751_2011,0.0000
world,1916,1751_2011,0.0000
world,1917,1751_2011,0.0000
world,1918,1751_2011,0.0000
world,1919,1751_2011,0.0000
world,1920,1751_2011,0.0000
world,1921,1751_2011,0.0000
world,1922,1751_2011,0.0000
world,1923,1751_2011,0.0000
world,1924,1751_2011,0.0000
world,1925,1751_2011,0.0000
world,1926,1751_2011,0.0000
world,1927,1751_2011,0.0000
world,1928,1751_2011,0.0000
world,1929,1751_2011,0.0000
world,1930,1751_2011,0.0000
world,1931,1751_2011,0.0000
world,1932,1751_2011,0.0000
world,1933,1751_2011,0.0000
world,1934,1751_2011,0.0000
world,1935,1751_2011,0.0000
world,1936,1751_2011,0.0000
world,1937,1751_2011,0.0000
world,1938,1751_2011,0.0000
world,1939,1751_2011,0.0000
world,1940,1751_2011,0.0000
world,1941,1751_2011,0.0000
world,1942,1751_2011,0.0000
world,1943,1751_2011,0.0000
world,1944,1751_2011,0.0000
world,1945,1751_2011,0.0000
world,1946,1751_2011,0.0000
world,1947,1751_2011,0.0000
world,1948,1751_2011,0.0000
world,1949,1751_2011,0.0000
world,1950,1751_2011,23.000
world,1951,1751_2011,24.000
world,1952,1751_2011,26.000
world,1953,1751_2011,27.000
world,1954,1751_2011,27.000
world,1955,1751_2011,31.000
world,1956,1751_2011,32.000
world,1957,1751_2011,35.000
world,1958,1751_2011,35.000
world,1959,1751_2011,36.000
world,1960,1751_2011,39.000
world,1961,1751_2011,42.000
world,1962,1751_2011,44.000
world,1963,1751_2011,47.000
world,1964,1751_2011,51.000
world,1965,1751_2011,55.000
world,1966,1751_2011,60.000
world,1967,1751_2011,66.000
world,1968,1751_2011,73.000
world,1969,1751_2011,80.000
world,1970,1751_2011,87.000
world,1971,1751_2011,88.000
world,1972,1751_2011,95.000
world,1973,1751_2011,110.00
world,1974,1751_2011,107.00
world,1975,1751_2011,92.000
world,1976,1751_2011,108.00
world,1977,1751_2011,104.00
world,1978,1751_2011,106.00
world,1979,1751_2011,98.000
world,1980,1751_2011,86.000
world,1981,1751_2011,65.000
world,1982,1751_2011,64.000
world,1983,1751_2011,58.000
world,1984,1751_2011,51.000
world,1985,1751_2011,49.000
world,1986,1751_2011,46.000
world,1987,1751_2011,44.000
world,1988,1751_2011,50.000
world,1989,1751_2011,41.000
world,1990,1751_2011,40.000
world,1991,1751_2011,44.000
world,1992,1751_2011,34.000
world,1993,1751_2011,36.000
world,1994,1751_2011,38.000
world,1995,1751_2011,36.000
world,1996,1751_2011,37.000
world,1997,1751_2011,38.000
world,1998,1751_2011,35.000
world,1999,1751_2011,33.000
world,2000,1751_2011,45.000
world,2001,1751_2011,46.000
world,2002,1751_2011,48.000
world,2003,1751_2011,47.000
world,2004,1751_2011,53.000
world,2005,1751_2011,59.000
world,2006,1751_2011,61.000
world,2007,1751_2011,65.000
world,2008,1751_2011,68.000
world,2009,1751_2011,63.000
world,2010,1751_2011,65.000
world,2011,1751_2011,63.000
world,1751,1751_2013,0.0000
world,1752,1751_2013,0.0000
world,1753,1751_2013,0.0000
world,1754,1751_2013,0.0000
world,1755,1751_2013,0.0000
world,1756,1751_2013,0.0000
world,1757,1751_2013,0.0000
world,1758,1751_2013,0.0000
world,1759,1751_2013,0.0000
world,1760,1751_2013,0.0000
world,1761,1751_2013,0.0000
world,1762,1751_2013,0.0000
world,1763,1751_2013,0.0000
world,1764,1751_2013,0.0000
world,1765,1751_2013,0.0000
world,1766,1751_2013,0.0000
world,1767,1751_2013,0.0000
world,1768,1751_2013,0.0000
world,1769,1751_2013,0.0000
world,1770,1751_2013,0.0000
world,1771,1751_2013,0.0000
world,1772,1751_2013,0.0000
world,1773,1751_2013,0.0000
world,1774,1751_2013,0.0000
world,1775,1751_2013,0.0000
world,1776,1751_2013,0.0000
world,1777,1751_2013,0.0000
world,1778,1751_2013,0.0000
world,1779,1751_2013,0.0000
world,1780,1751_2013,0.0000
world,1781,1751_2013,0.0000
world,1782,1751_2013,0.0000
world,1783,1751_2013,0.0000
world,1784,1751_2013,0.0000
world,1785,1751_2013,0.0000
world,1786,1751_2013,0.0000
world,1787,1751_2013,0.0000
world,1788,1751_2013,0.0000
world,1789,1751_2013,0.0000
world,1790,1751_2013,0.0000
world,1791,1751_2013,0.0000
world,1792,1751_2013,0.0000
world,1793,1751_2013,0.0000
world,1794,1751_2013,0.0000
world,1795,1751_2013,0.0000
world,1796,1751_2013,0.0000
world,1797,1751_2013,0.0000
world,1798,1751_2013,0.0000
world,1799,1751_2013,0.0000
world,1800,1751_2013,0.0000
world,1801,1751_2013,0.0000
world,1802,1751_2013,0.0000
world,1803,1751_2013,0.0000
world,1804,1751_2013,0.0000
world,1805,1751_2013,0.0000
world,1806,1751_2013,0.0000
world,1807,1751_2013,0.0000
world,1808,1751_2013,0.0000
world,1809,1751_2013,0.0000
world,1810,1751_2013,0.0000
world,1811,1751_2013,0.0000
world,1812,1751_2013,0.0000
world,1813,1751_2013,0.0000
world,1814,1751_2013,0.0000
world,1815,1751_2013,0.0000
world,1816,1751_2013,0.0000
world,1817,1751_2013,0.0000
world,1818,1751_2013,0.0000
world,1819,1751_2013,0.0000
world,1820,1751_2013,0.0000
world,1821,1751_2013,0.0000
world,1822,1751_2013,0.0000
world,1823,1751_2013,0.0000
world,1824,1751_2013,0.0000
world,1825,1751_2013,0.0000
world,1826,1751_2013,0.0000
world,1827,1751_2013,0.0000
world,1828,1751_2013,0.0000
world,1829,1751_2013,0.0000
world,1830,1751_2013,0.0000
world,1831,1751_2013,0.0000
world,1832,1751_2013,0.0000
world,1833,1751_2013,0.0000
world,1834,1751_2013,0.0000
world,1835,1751_2013,0.0000
world,1836,1751_2013,0.0000
world,1837,1751_2013,0.0000
world,1838,1751_2013,0.0000
world,1839,1751_2013,0.0000
world,1840,1751_2013,0.0000
world,1841,1751_2013,0.0000
world,1842,1751_2013,0.0000
world,1843,1751_2013,0.0000
world,1844,1751_2013,0.0000
world,1845,1751_2013,0.0000
world,1846,1751_2013,0.0000
world,1847,1751_2013,0.0000
world,1848,1751_2013,0.0000
world,1849,1751_2013,0.0000
world,1850,1751_2013,0.0000
world,1851,1751_2013,0.0000
world,1852,1751_2013,0.0000
world,1853,1751_2013,0.0000
world,1854,1751_2013,0.0000
world,1855,1751_2013,0.0000
world,1856,1751_2013,0.0000
world,1857,1751_2013,0.0000
world,1858,1751_2013,0.0000
world,1859,1751_2013,0.0000
world,1860,1751_2013,0.0000
world,1861,1751_2013,0.0000
world,1862,1751_2013,0.0000
world,1863,1751_2013,0.0000
world,1864,1751_2013,0.0000
world,1865,1751_2013,0.0000
world,1866,1751_2013,0.0000
world,1867,1751_2013,0.0000
world,1868,1751_2013,0.0000
world,1869,1751_2013,0.0000
world,1870,1751_2013,0.0000
world,1871,1751_2013,0.0000
world,1872,1751_2013,0.0000
world,1873,1751_2013,0.0000
world,1874,1751_2013,0.0000
world,1875,1751_2013,0.0000
world,1876,1751_2013,0.0000
world,1877,1751_2013,0.0000
world,1878,1751_2013,0.0000
world,1879,1751_2013,0.0000
world,1880,1751_2013,0.0000
world,1881,1751_2013,0.0000
world,1882,1751_2013,0.0000
world,1883,1751_2013,0.0000
world,1884,1751_2013,0.0000
world,1885,1751_2013,0.0000
world,1886,1751_2013,0.0000
world,1887,1751_2013,0.0000
world,1888,1751_2013,0.0000
world,1889,1751_2013,0.0000
world,1890,1751_2013,0.0000
world,1891,1751_2013,0.0000
world,1892,1751_2013,0.0000
world,1893,1751_2013,0.0000
world,1894,1751_2013,0.0000
world,1895,1751_2013,0.0000
world,1896,1751_2013,0.0000
world,1897,1751_2013,0.0000
world,1898,1751_2013,0.0000
world,1899,1751_2013,0.0000
world,1900,1751_2013,0.0000
world,1901,1751_2013,0.0000
world,1902,1751_2013,0.0000
world,1903,1751_2013,0.0000
world,1904,1751_2013,0.0000
world,1905,1751_2013,0.0000
world,1906,1751_2013,0.0000
world,1907,1751_2013,0.0000
world,1908,1751_2013,0.0000
world,1909,1751_2013,0.0000
world,1910,1751_2013,0.0000
world,1911,1751_2013,0.0000
world,1912,1751_2013,0.0000
world,1913,1751_2013,0.0000
world,1914,1751_2013,0.0000
world,1915,1751_2013,0.0000
world,1916,1751_2013,0.0000
world,1917,1751_2013,0.0000
world,1918,1751_2013,0.0000
world,1919,1751_2013,0.0000
world,1920,1751_2013,0.0000
world,1921,1751_2013,0.0000
world,1922,1751_2013,0.0000
world,1923,1751_2013,0.0000
world,1924,1751_2013,0.0000
world,1925,1751_2013,0.0000
world,1926,1751_2013,0.0000
world,1927,1751_2013,0.0000
world,1928,1751_2013,0.0000
world,1929,1751_2013,0.0000
world,1930,1751_2013,0.0000
world,1931,1751_2013,0.0000
world,1932,1751_2013,0.0000
world,1933,1751_2013,0.0000
world,1934,1751_2013,0.0000
world,1935,1751_2013,0.0000
world,1936,1751_2013,0.0000
world,1937,1751_2013,0.0000
world,1938,1751_2013,0.0000
world,1939,1751_2013,0.0000
world,1940,1751_2013,0.0000
world,1941,1751_2013,0.0000
world,1942,1751_2013,0.0000
world,1943,1751_2013,0.0000
world,1944,1751_2013,0.0000
world,1945,1751_2013,0.0000
world,1946,1751_2013,0.0000
world,1947,1751_2013,0.0000
world,1948,1751_2013,0.0000
world,1949,1751_2013,0.0000
world,1950,1751_2013,23.000
world,1951,1751_2013,24.000
world,1952,1751_2013,26.000
world,1953,1751_2013,27.000
world,1954,1751_2013,27.000
world,1955,1751_2013,31.000
world,1956,1751_2013,32.000
world,1957,1751_2013,35.000
world,1958,1751_2013,35.000
world,1959,1751_2013,36.000
world,1960,1751_2013,39.000
world,1961,1751_2013,42.000
world,1962,1751_2013,44.000
world,1963,1751_2013,47.000
world,1964,1751_2013,51.000
world,1965,1751_2013,55.000
world,1966,1751_2013,60.000
world,1967,1751_2013,66.000
world,1968,1751_2013,73.000
world,1969,1751_2013,80.000
world,1970,1751_2013,87.000
world,1971,1751_2013,88.000
world,1972,1751_2013,95.000
world,1973,1751_2013,110.00
world,1974,1751_2013,107.00
world,1975,1751_2013,92.000
world,1976,1751_2013,108.00
world,1977,1751_2013,104.00
world,1978,1751_2013,106.00
world,1979,1751_2013,98.000
world,1980,1751_2013,86.000
world,1981,1751_2013,65.000
world,1982,1751_2013,64.000
world,1983,1751_2013,58.000
world,1984,1751_2013,51.000
world,1985,1751_2013,49.000
world,1986,1751_2013,46.000
world,1987,1751_2013,44.000
world,1988,1751_2013,50.000
world,1989,1751_2013,41.000
world,1990,1751_2013,40.000
world,1991,1751_2013,45.000
world,1992,1751_2013,36.000
world,1993,1751_2013,37.000
world,1994,1751_2013,39.000
world,1995,1751_2013,39.000
world,1996,1751_2013,40.000
world,1997,1751_2013,40.000
world,1998,1751_2013,36.000
world,1999,1751_2013,35.000
world,2000,1751_2013,46.000
world,2001,1751_2013,47.000
world,2002,1751_2013,49.000
world,2003,1751_2013,48.000
world,2004,1751_2013,54.000
world,2005,1751_2013,60.000
world,2006,1751_2013,62.000
world,2007,1751_2013,66.000
world,2008,1751_2013,69.000
world,2009,1751_2013,64.000
world,2010,1751_2013,66.000
world,2011,1751_2013,64.000
world,2012,1751_2013,65.000
world,2013,1751_2013,68.000
