year,version,carbon_emissions_from_gas_flaring
1751,1751_2008,0.0000
1752,1751_2008,0.0000
1753,1751_2008,0.0000
1754,1751_2008,0.0000
1755,1751_2008,0.0000
1756,1751_2008,0.0000
1757,1751_2008,0.0000
1758,1751_2008,0.0000
1759,1751_2008,0.0000
1760,1751_2008,0.0000
1761,1751_2008,0.0000
1762,1751_2008,0.0000
1763,1751_2008,0.0000
1764,1751_2008,0.0000
1765,1751_2008,0.0000
1766,1751_2008,0.0000
1767,1751_2008,0.0000
1768,1751_2008,0.0000
1769,1751_2008,0.0000
1770,1751_2008,0.0000
1771,1751_2008,0.0000
1772,1751_2008,0.0000
1773,1751_2008,0.0000
1774,1751_2008,0.0000
1775,1751_2008,0.0000
1776,1751_2008,0.0000
1777,1751_2008,0.0000
1778,1751_2008,0.0000
1779,1751_2008,0.0000
1780,1751_2008,0.0000
1781,1751_2008,0.0000
1782,1751_2008,0.0000
1783,1751_2008,0.0000
1784,1751_2008,0.0000
1785,1751_2008,0.0000
1786,1751_2008,0.0000
1787,1751_2008,0.0000
1788,1751_2008,0.0000
1789,1751_2008,0.0000
1790,1751_2008,0.0000
1791,1751_2008,0.0000
1792,1751_2008,0.0000
1793,1751_2008,0.0000
1794,1751_2008,0.0000
1795,1751_2008,0.0000
1796,1751_2008,0.0000
1797,1751_2008,0.0000
1798,1751_2008,0.0000
1799,1751_2008,0.0000
1800,1751_2008,0.0000
1801,1751_2008,0.0000
1802,1751_2008,0.0000
1803,1751_2008,0.0000
1804,1751_2008,0.0000
1805,1751_2008,0.0000
1806,1751_2008,0.0000
1807,1751_2008,0.0000
1808,1751_2008,0.0000
1809,1751_2008,0.0000
1810,1751_2008,0.0000
1811,1751_2008,0.0000
1812,1751_2008,0.0000
1813,1751_2008,0.0000
1814,1751_2008,0.0000
1815,1751_2008,0.0000
1816,1751_2008,0.0000
1817,1751_2008,0.0000
1818,1751_2008,0.0000
1819,1751_2008,0.0000
1820,1751_2008,0.0000
1821,1751_2008,0.0000
1822,1751_2008,0.0000
1823,1751_2008,0.0000
1824,1751_2008,0.0000
1825,1751_2008,0.0000
1826,1751_2008,0.0000
1827,1751_2008,0.0000
1828,1751_2008,0.0000
1829,1751_2008,0.0000
1830,1751_2008,0.0000
1831,1751_2008,0.0000
1832,1751_2008,0.0000
1833,1751_2008,0.0000
1834,1751_2008,0.0000
1835,1751_2008,0.0000
1836,1751_2008,0.0000
1837,1751_2008,0.0000
1838,1751_2008,0.0000
1839,1751_2008,0.0000
1840,1751_2008,0.0000
1841,1751_2008,0.0000
1842,1751_2008,0.0000
1843,1751_2008,0.0000
1844,1751_2008,0.0000
1845,1751_2008,0.0000
1846,1751_2008,0.0000
1847,1751_2008,0.0000
1848,1751_2008,0.0000
1849,1751_2008,0.0000
1850,1751_2008,0.0000
1851,1751_2008,0.0000
1852,1751_2008,0.0000
1853,1751_2008,0.0000
1854,1751_2008,0.0000
1855,1751_2008,0.0000
1856,1751_2008,0.0000
1857,1751_2008,0.0000
1858,1751_2008,0.0000
1859,1751_2008,0.0000
1860,1751_2008,0.0000
1861,1751_2008,0.0000
1862,1751_2008,0.0000
1863,1751_2008,0.0000
1864,1751_2008,0.0000
1865,1751_2008,0.0000
1866,1751_2008,0.0000
1867,1751_2008,0.0000
1868,1751_2008,0.0000
1869,1751_2008,0.0000
1870,1751_2008,0.0000
1871,1751_2008,0.0000
1872,1751_2008,0.0000
1873,1751_2008,0.0000
1874,1751_2008,0.0000
1875,1751_2008,0.0000
1876,1751_2008,0.0000
1877,1751_2008,0.0000
1878,1751_2008,0.0000
1879,1751_2008,0.0000
1880,1751_2008,0.0000
1881,1751_2008,0.0000
1882,1751_2008,0.0000
1883,1751_2008,0.0000
1884,1751_2008,0.0000
1885,1751_2008,0.0000
1886,1751_2008,0.0000
1887,1751_2008,0.0000
1888,1751_2008,0.0000
1889,1751_2008,0.0000
1890,1751_2008,0.0000
1891,1751_2008,0.0000
1892,1751_2008,0.0000
1893,1751_2008,0.0000
1894,1751_2008,0.0000
1895,1751_2008,0.0000
1896,1751_2008,0.0000
1897,1751_2008,0.0000
1898,1751_2008,0.0000
1899,1751_2008,0.0000
1900,1751_2008,0.0000
1901,1751_2008,0.0000
1902,1751_2008,0.0000
1903,1751_2008,0.0000
1904,1751_2008,0.0000
1905,1751_2008,0.0000
1906,1751_2008,0.0000
1907,1751_2008,0.0000
1908,1751_2008,0.0000
1909,1751_2008,0.0000
1910,1751_2008,0.0000
1911,1751_2008,0.0000
1912,1751_2008,0.0000
1913,1751_2008,0.0000
1914,1751_2008,0.0000
1915,1751_2008,0.0000
1916,1751_2008,0.0000
1917,1751_2008,0.0000
1918,1751_2008,0.0000
1919,1751_2008,0.0000
1920,1751_2008,0.0000
1921,1751_2008,0.0000
1922,1751_2008,0.0000
1923,1751_2008,0.0000
1924,1751_2008,0.0000
1925,1751_2008,0.0000
1926,1751_2008,0.0000
1927,1751_2008,0.0000
1928,1751_2008,0.0000
1929,1751_2008,0.0000
1930,1751_2008,0.0000
1931,1751_2008,0.0000
1932,1751_2008,0.0000
1933,1751_2008,0.0000
1934,1751_2008,0.0000
1935,1751_2008,0.0000
1936,1751_2008,0.0000
1937,1751_2008,0.0000
1938,1751_2008,0.0000
1939,1751_2008,0.0000
1940,1751_2008,0.0000
1941,1751_2008,0.0000
1942,1751_2008,0.0000
1943,1751_2008,0.0000
1944,1751_2008,0.0000
1945,1751_2008,0.0000
1946,1751_2008,0.0000
1947,1751_2008,0.0000
1948,1751_2008,0.0000
1949,1751_2008,0.0000
1950,1751_2008,23.000
1951,1751_2008,24.000
1952,1751_2008,26.000
1953,1751_2008,27.000
1954,1751_2008,27.000
1955,1751_2008,31.000
1956,1751_2008,32.000
1957,1751_2008,35.000
1958,1751_2008,35.000
1959,1751_2008,36.000
1960,1751_2008,39.000
1961,1751_2008,42.000
1962,1751_2008,44.000
1963,1751_2008,47.000
1964,1751_2008,51.000
1965,1751_2008,55.000
1966,1751_2008,60.000
1967,1751_2008,66.000
1968,1751_2008,73.000
1969,1751_2008,80.000
1970,1751_2008,87.000
1971,1751_2008,88.000
1972,1751_2008,94.000
1973,1751_2008,110.00
1974,1751_2008,107.00
1975,1751_2008,92.000
1976,1751_2008,108.00
1977,1751_2008,104.00
1978,1751_2008,106.00
1979,1751_2008,98.000
1980,1751_2008,86.000
1981,1751_2008,64.000
1982,1751_2008,64.000
1983,1751_2008,58.000
1984,1751_2008,51.000
1985,1751_2008,49.000
1986,1751_2008,46.000
1987,1751_2008,44.000
1988,1751_2008,50.000
1989,1751_2008,41.000
1990,1751_2008,40.000
1991,1751_2008,44.000
1992,1751_2008,35.000
1993,1751_2008,36.000
1994,1751_2008,38.000
1995,1751_2008,38.000
1996,1751_2008,39.000
1997,1751_2008,41.000
1998,1751_2008,37.000
1999,1751_2008,37.000
2000,1751_2008,48.000
2001,1751_2008,46.000
2002,1751_2008,48.000
2003,1751_2008,47.000
2004,1751_2008,55.000
2005,1751_2008,61.000
2006,1751_2008,62.000
2007,1751_2008,68.000
2008,1751_2008,73.000
1751,1751_2009,0.0000
1752,1751_2009,0.0000
1753,1751_2009,0.0000
1754,1751_2009,0.0000
1755,1751_2009,0.0000
1756,1751_2009,0.0000
1757,1751_2009,0.0000
1758,1751_2009,0.0000
1759,1751_2009,0.0000
1760,1751_2009,0.0000
1761,1751_2009,0.0000
1762,1751_2009,0.0000
1763,1751_2009,0.0000
1764,1751_2009,0.0000
1765,1751_2009,0.0000
1766,1751_2009,0.0000
1767,1751_2009,0.0000
1768,1751_2009,0.0000
1769,1751_2009,0.0000
1770,1751_2009,0.0000
1771,1751_2009,0.0000
1772,1751_2009,0.0000
1773,1751_2009,0.0000
1774,1751_2009,0.0000
1775,1751_2009,0.0000
1776,1751_2009,0.0000
1777,1751_2009,0.0000
1778,1751_2009,0.0000
1779,1751_2009,0.0000
1780,1751_2009,0.0000
1781,1751_2009,0.0000
1782,1751_2009,0.0000
1783,1751_2009,0.0000
1784,1751_2009,0.0000
1785,1751_2009,0.0000
1786,1751_2009,0.0000
1787,1751_2009,0.0000
1788,1751_2009,0.0000
1789,1751_2009,0.0000
1790,1751_2009,0.0000
1791,1751_2009,0.0000
1792,1751_2009,0.0000
1793,1751_2009,0.0000
1794,1751_2009,0.0000
1795,1751_2009,0.0000
1796,1751_2009,0.0000
1797,1751_2009,0.0000
1798,1751_2009,0.0000
1799,1751_2009,0.0000
1800,1751_2009,0.0000
1801,1751_2009,0.0000
1802,1751_2009,0.0000
1803,1751_2009,0.0000
1804,1751_2009,0.0000
1805,1751_2009,0.0000
1806,1751_2009,0.0000
1807,1751_2009,0.0000
1808,1751_2009,0.0000
1809,1751_2009,0.0000
1810,1751_2009,0.0000
1811,1751_2009,0.0000
1812,1751_2009,0.0000
1813,1751_2009,0.0000
1814,1751_2009,0.0000
1815,1751_2009,0.0000
1816,1751_2009,0.0000
1817,1751_2009,0.0000
1818,1751_2009,0.0000
1819,1751_2009,0.0000
1820,1751_2009,0.0000
1821,1751_2009,0.0000
1822,1751_2009,0.0000
1823,1751_2009,0.0000
1824,1751_2009,0.0000
1825,1751_2009,0.0000
1826,1751_2009,0.0000
1827,1751_2009,0.0000
1828,1751_2009,0.0000
1829,1751_2009,0.0000
1830,1751_2009,0.0000
1831,1751_2009,0.0000
1832,1751_2009,0.0000
1833,1751_2009,0.0000
1834,1751_2009,0.0000
1835,1751_2009,0.0000
1836,1751_2009,0.0000
1837,1751_2009,0.0000
1838,1751_2009,0.0000
1839,1751_2009,0.0000
1840,1751_2009,0.0000
1841,1751_2009,0.0000
1842,1751_2009,0.0000
1843,1751_2009,0.0000
1844,1751_2009,0.0000
1845,1751_2009,0.0000
1846,1751_2009,0.0000
1847,1751_2009,0.0000
1848,1751_2009,0.0000
1849,1751_2009,0.0000
1850,1751_2009,0.0000
1851,1751_2009,0.0000
1852,1751_2009,0.0000
1853,1751_2009,0.0000
1854,1751_2009,0.0000
1855,1751_2009,0.0000
1856,1751_2009,0.0000
1857,1751_2009,0.0000
1858,1751_2009,0.0000
1859,1751_2009,0.0000
1860,1751_2009,0.0000
1861,1751_2009,0.0000
1862,1751_2009,0.0000
1863,1751_2009,0.0000
1864,1751_2009,0.0000
1865,1751_2009,0.0000
1866,1751_2009,0.0000
1867,1751_2009,0.0000
1868,1751_2009,0.0000
1869,1751_2009,0.0000
1870,1751_2009,0.0000
1871,1751_2009,0.0000
1872,1751_2009,0.0000
1873,1751_2009,0.0000
1874,1751_2009,0.0000
1875,1751_2009,0.0000
1876,1751_2009,0.0000
1877,1751_2009,0.0000
1878,1751_2009,0.0000
1879,1751_2009,0.0000
1880,1751_2009,0.0000
1881,1751_2009,0.0000
1882,1751_2009,0.0000
1883,1751_2009,0.0000
1884,1751_2009,0.0000
1885,1751_2009,0.0000
1886,1751_2009,0.0000
1887,1751_2009,0.0000
1888,1751_2009,0.0000
1889,1751_2009,0.0000
1890,1751_2009,0.0000
1891,1751_2009,0.0000
1892,1751_2009,0.0000
1893,1751_2009,0.0000
1894,1751_2009,0.0000
1895,1751_2009,0.0000
1896,1751_2009,0.0000
1897,1751_2009,0.0000
1898,1751_2009,0.0000
1899,1751_2009,0.0000
1900,1751_2009,0.0000
1901,1751_2009,0.0000
1902,1751_2009,0.0000
1903,1751_2009,0.0000
1904,1751_2009,0.0000
1905,1751_2009,0.0000
1906,1751_2009,0.0000
1907,1751_2009,0.0000
1908,1751_2009,0.0000
1909,1751_2009,0.0000
1910,1751_2009,0.0000
1911,1751_2009,0.0000
1912,1751_2009,0.0000
1913,1751_2009,0.0000
1914,1751_2009,0.0000
1915,1751_2009,0.0000
1916,1751_2009,0.0000
1917,1751_2009,0.0000
1918,1751_2009,0.0000
1919,1751_2009,0.0000
1920,1751_2009,0.0000
1921,1751_2009,0.0000
1922,1751_2009,0.0000
1923,1751_2009,0.0000
1924,1751_2009,0.0000
1925,1751_2009,0.0000
1926,1751_2009,0.0000
1927,1751_2009,0.0000
1928,1751_2009,0.0000
1929,1751_2009,0.0000
1930,1751_2009,0.0000
1931,1751_2009,0.0000
1932,1751_2009,0.0000
1933,1751_2009,0.0000
1934,1751_2009,0.0000
1935,1751_2009,0.0000
1936,1751_2009,0.0000
1937,1751_2009,0.0000
1938,1751_2009,0.0000
1939,1751_2009,0.0000
1940,1751_2009,0.0000
1941,1751_2009,0.0000
1942,1751_2009,0.0000
1943,1751_2009,0.0000
1944,1751_2009,0.0000
1945,1751_2009,0.0000
1946,1751_2009,0.0000
1947,1751_2009,0.0000
1948,1751_2009,0.0000
1949,1751_2009,0.0000
1950,1751_2009,23.000
1951,1751_2009,24.000
1952,1751_2009,26.000
1953,1751_2009,27.000
1954,1751_2009,27.000
1955,1751_2009,31.000
1956,1751_2009,32.000
1957,1751_2009,35.000
1958,1751_2009,35.000
1959,1751_2009,36.000
1960,1751_2009,39.000
1961,1751_2009,42.000
1962,1751_2009,44.000
1963,1751_2009,47.000
1964,1751_2009,51.000
1965,1751_2009,55.000
1966,1751_2009,60.000
1967,1751_2009,66.000
1968,1751_2009,73.000
1969,1751_2009,80.000
1970,1751_2009,87.000
1971,1751_2009,88.000
1972,1751_2009,94.000
1973,1751_2009,110.00
1974,1751_2009,107.00
1975,1751_2009,92.000
1976,1751_2009,108.00
1977,1751_2009,104.00
1978,1751_2009,106.00
1979,1751_2009,98.000
1980,1751_2009,86.000
1981,1751_2009,64.000
1982,1751_2009,64.000
1983,1751_2009,58.000
1984,1751_2009,51.000
1985,1751_2009,49.000
1986,1751_2009,46.000
1987,1751_2009,44.000
1988,1751_2009,50.000
1989,1751_2009,41.000
1990,1751_2009,40.000
1991,1751_2009,44.000
1992,1751_2009,35.000
1993,1751_2009,36.000
1994,1751_2009,38.000
1995,1751_2009,36.000
1996,1751_2009,37.000
1997,1751_2009,38.000
1998,1751_2009,35.000
1999,1751_2009,33.000
2000,1751_2009,45.000
2001,1751_2009,46.000
2002,1751_2009,48.000
2003,1751_2009,48.000
2004,1751_2009,53.000
2005,1751_2009,60.000
2006,1751_2009,61.000
2007,1751_2009,68.000
2008,1751_2009,71.000
2009,1751_2009,66.000
1751,1751_2010,0.0000
1752,1751_2010,0.0000
1753,1751_2010,0.0000
1754,1751_2010,0.0000
1755,1751_2010,0.0000
1756,1751_2010,0.0000
1757,1751_2010,0.0000
1758,1751_2010,0.0000
1759,1751_2010,0.0000
1760,1751_2010,0.0000
1761,1751_2010,0.0000
1762,1751_2010,0.0000
1763,1751_2010,0.0000
1764,1751_2010,0.0000
1765,1751_2010,0.0000
1766,1751_2010,0.0000
1767,1751_2010,0.0000
1768,1751_2010,0.0000
1769,1751_2010,0.0000
1770,1751_2010,0.0000
1771,1751_2010,0.0000
1772,1751_2010,0.0000
1773,1751_2010,0.0000
1774,1751_2010,0.0000
1775,1751_2010,0.0000
1776,1751_2010,0.0000
1777,1751_2010,0.0000
1778,1751_2010,0.0000
1779,1751_2010,0.0000
1780,1751_2010,0.0000
1781,1751_2010,0.0000
1782,1751_2010,0.0000
1783,1751_2010,0.0000
1784,1751_2010,0.0000
1785,1751_2010,0.0000
1786,1751_2010,0.0000
1787,1751_2010,0.0000
1788,1751_2010,0.0000
1789,1751_2010,0.0000
1790,1751_2010,0.0000
1791,1751_2010,0.0000
1792,1751_2010,0.0000
1793,1751_2010,0.0000
1794,1751_2010,0.0000
1795,1751_2010,0.0000
1796,1751_2010,0.0000
1797,1751_2010,0.0000
1798,1751_2010,0.0000
1799,1751_2010,0.0000
1800,1751_2010,0.0000
1801,1751_2010,0.0000
1802,1751_2010,0.0000
1803,1751_2010,0.0000
1804,1751_2010,0.0000
1805,1751_2010,0.0000
1806,1751_2010,0.0000
1807,1751_2010,0.0000
1808,1751_2010,0.0000
1809,1751_2010,0.0000
1810,1751_2010,0.0000
1811,1751_2010,0.0000
1812,1751_2010,0.0000
1813,1751_2010,0.0000
1814,1751_2010,0.0000
1815,1751_2010,0.0000
1816,1751_2010,0.0000
1817,1751_2010,0.0000
1818,1751_2010,0.0000
1819,1751_2010,0.0000
1820,1751_2010,0.0000
1821,1751_2010,0.0000
1822,1751_2010,0.0000
1823,1751_2010,0.0000
1824,1751_2010,0.0000
1825,1751_2010,0.0000
1826,1751_2010,0.0000
1827,1751_2010,0.0000
1828,1751_2010,0.0000
1829,1751_2010,0.0000
1830,1751_2010,0.0000
1831,1751_2010,0.0000
1832,1751_2010,0.0000
1833,1751_2010,0.0000
1834,1751_2010,0.0000
1835,1751_2010,0.0000
1836,1751_2010,0.0000
1837,1751_2010,0.0000
1838,1751_2010,0.0000
1839,1751_2010,0.0000
1840,1751_2010,0.0000
1841,1751_2010,0.0000
1842,1751_2010,0.0000
1843,1751_2010,0.0000
1844,1751_2010,0.0000
1845,1751_2010,0.0000
1846,1751_2010,0.0000
1847,1751_2010,0.0000
1848,1751_2010,0.0000
1849,1751_2010,0.0000
1850,1751_2010,0.0000
1851,1751_2010,0.0000
1852,1751_2010,0.0000
1853,1751_2010,0.0000
1854,1751_2010,0.0000
1855,1751_2010,0.0000
1856,1751_2010,0.0000
1857,1751_2010,0.0000
1858,1751_2010,0.0000
1859,1751_2010,0.0000
1860,1751_2010,0.0000
1861,1751_2010,0.0000
1862,1751_2010,0.0000
1863,1751_2010,0.0000
1864,1751_2010,0.0000
1865,1751_2010,0.0000
1866,1751_2010,0.0000
1867,1751_2010,0.0000
1868,1751_2010,0.0000
1869,1751_2010,0.0000
1870,1751_2010,0.0000
1871,1751_2010,0.0000
1872,1751_2010,0.0000
1873,1751_2010,0.0000
1874,1751_2010,0.0000
1875,1751_2010,0.0000
1876,1751_2010,0.0000
1877,1751_2010,0.0000
1878,1751_2010,0.0000
1879,1751_2010,0.0000
1880,1751_2010,0.0000
1881,1751_2010,0.0000
1882,1751_2010,0.0000
1883,1751_2010,0.0000
1884,1751_2010,0.0000
1885,1751_2010,0.0000
1886,1751_2010,0.0000
1887,1751_2010,0.0000
1888,1751_2010,0.0000
1889,1751_2010,0.0000
1890,1751_2010,0.0000
1891,1751_2010,0.0000
1892,1751_2010,0.0000
1893,1751_2010,0.0000
1894,1751_2010,0.0000
1895,1751_2010,0.0000
1896,1751_2010,0.0000
1897,1751_2010,0.0000
1898,1751_2010,0.0000
1899,1751_2010,0.0000
1900,1751_2010,0.0000
1901,1751_2010,0.0000
1902,1751_2010,0.0000
1903,1751_2010,0.0000
1904,1751_2010,0.0000
1905,1751_2010,0.0000
1906,1751_2010,0.0000
1907,1751_2010,0.0000
1908,1751_2010,0.0000
1909,1751_2010,0.0000
1910,1751_2010,0.0000
1911,1751_2010,0.0000
1912,1751_2010,0.0000
1913,1751_2010,0.0000
1914,1751_2010,0.0000
1915,1751_2010,0.0000
1916,1751_2010,0.0000
1917,1751_2010,0.0000
1918,1751_2010,0.0000
1919,1751_2010,0.0000
1920,1751_2010,0.0000
1921,1751_2010,0.0000
1922,1751_2010,0.0000
1923,1751_2010,0.0000
1924,1751_2010,0.0000
1925,1751_2010,0.0000
1926,1751_2010,0.0000
1927,1751_2010,0.0000
1928,1751_2010,0.0000
1929,1751_2010,0.0000
1930,1751_2010,0.0000
1931,1751_2010,0.0000
1932,1751_2010,0.0000
1933,1751_2010,0.0000
1934,1751_2010,0.0000
1935,1751_2010,0.0000
1936,1751_2010,0.0000
1937,1751_2010,0.0000
1938,1751_2010,0.0000
1939,1751_2010,0.0000
1940,1751_2010,0.0000
1941,1751_2010,0.0000
1942,1751_2010,0.0000
1943,1751_2010,0.0000
1944,1751_2010,0.0000
1945,1751_2010,0.0000
1946,1751_2010,0.0000
1947,1751_2010,0.0000
1948,1751_2010,0.0000
1949,1751_2010,0.0000
1950,1751_2010,23.000
1951,1751_2010,24.000
1952,1751_2010,26.000
1953,1751_2010,27.000
1954,1751_2010,27.000
1955,1751_2010,31.000
1956,1751_2010,32.000
1957,1751_2010,35.000
1958,1751_2010,35.000
1959,1751_2010,36.000
1960,1751_2010,39.000
1961,1751_2010,42.000
1962,1751_2010,44.000
1963,1751_2010,47.000
1964,1751_2010,51.000
1965,1751_2010,55.000
1966,1751_2010,60.000
1967,1751_2010,66.000
1968,1751_2010,73.000
1969,1751_2010,80.000
1970,1751_2010,87.000
1971,1751_2010,88.000
1972,1751_2010,94.000
1973,1751_2010,110.00
1974,1751_2010,107.00
1975,1751_2010,92.000
1976,1751_2010,108.00
1977,1751_2010,104.00
1978,1751_2010,106.00
1979,1751_2010,98.000
1980,1751_2010,86.000
1981,1751_2010,64.000
1982,1751_2010,64.000
1983,1751_2010,58.000
1984,1751_2010,51.000
1985,1751_2010,49.000
1986,1751_2010,46.000
1987,1751_2010,44.000
1988,1751_2010,50.000
1989,1751_2010,41.000
1990,1751_2010,40.000
1991,1751_2010,44.000
1992,1751_2010,35.000
1993,1751_2010,36.000
1994,1751_2010,38.000
1995,1751_2010,36.000
1996,1751_2010,37.000
1997,1751_2010,38.000
1998,1751_2010,35.000
1999,1751_2010,33.000
2000,1751_2010,45.000
2001,1751_2010,46.000
2002,1751_2010,48.000
2003,1751_2010,48.000
2004,1751_2010,53.000
2005,1751_2010,60.000
2006,1751_2010,61.000
2007,1751_2010,68.000
2008,1751_2010,71.000
2009,1751_2010,66.000
2010,1751_2010,59.000
1751,1751_2011,0.0000
1752,1751_2011,0.0000
1753,1751_2011,0.0000
1754,1751_2011,0.0000
1755,1751_2011,0.0000
1756,1751_2011,0.0000
1757,1751_2011,0.0000
1758,1751_2011,0.0000
1759,1751_2011,0.0000
1760,1751_2011,0.0000
1761,1751_2011,0.0000
1762,1751_2011,0.0000
1763,1751_2011,0.0000
1764,1751_2011,0.0000
1765,1751_2011,0.0000
1766,1751_2011,0.0000
1767,1751_2011,0.0000
1768,1751_2011,0.0000
1769,1751_2011,0.0000
1770,1751_2011,0.0000
1771,1751_2011,0.0000
1772,1751_2011,0.0000
1773,1751_2011,0.0000
1774,1751_2011,0.0000
1775,1751_2011,0.0000
1776,1751_2011,0.0000
1777,1751_2011,0.0000
1778,1751_2011,0.0000
1779,1751_2011,0.0000
1780,1751_2011,0.0000
1781,1751_2011,0.0000
1782,1751_2011,0.0000
1783,1751_2011,0.0000
1784,1751_2011,0.0000
1785,1751_2011,0.0000
1786,1751_2011,0.0000
1787,1751_2011,0.0000
1788,1751_2011,0.0000
1789,1751_2011,0.0000
1790,1751_2011,0.0000
1791,1751_2011,0.0000
1792,1751_2011,0.0000
1793,1751_2011,0.0000
1794,1751_2011,0.0000
1795,1751_2011,0.0000
1796,1751_2011,0.0000
1797,1751_2011,0.0000
1798,1751_2011,0.0000
1799,1751_2011,0.0000
1800,1751_2011,0.0000
1801,1751_2011,0.0000
1802,1751_2011,0.0000
1803,1751_2011,0.0000
1804,1751_2011,0.0000
1805,1751_2011,0.0000
1806,1751_2011,0.0000
1807,1751_2011,0.0000
1808,1751_2011,0.0000
1809,1751_2011,0.0000
1810,1751_2011,0.0000
1811,1751_2011,0.0000
1812,1751_2011,0.0000
1813,1751_2011,0.0000
1814,1751_2011,0.0000
1815,1751_2011,0.0000
1816,1751_2011,0.0000
1817,1751_2011,0.0000
1818,1751_2011,0.0000
1819,1751_2011,0.0000
1820,1751_2011,0.0000
1821,1751_2011,0.0000
1822,1751_2011,0.0000
1823,1751_2011,0.0000
1824,1751_2011,0.0000
1825,1751_2011,0.0000
1826,1751_2011,0.0000
1827,1751_2011,0.0000
1828,1751_2011,0.0000
1829,1751_2011,0.0000
1830,1751_2011,0.0000
1831,1751_2011,0.0000
1832,1751_2011,0.0000
1833,1751_2011,0.0000
1834,1751_2011,0.0000
1835,1751_2011,0.0000
1836,1751_2011,0.0000
1837,1751_2011,0.0000
1838,1751_2011,0.0000
1839,1751_2011,0.0000
1840,1751_2011,0.0000
1841,1751_2011,0.0000
1842,1751_2011,0.0000
1843,1751_2011,0.0000
1844,1751_2011,0.0000
1845,1751_2011,0.0000
1846,1751_2011,0.0000
1847,1751_2011,0.0000
1848,1751_2011,0.0000
1849,1751_2011,0.0000
1850,1751_2011,0.0000
1851,1751_2011,0.0000
1852,1751_2011,0.0000
1853,1751_2011,0.0000
1854,1751_2011,0.0000
1855,1751_2011,0.0000
1856,1751_2011,0.0000
1857,1751_2011,0.0000
1858,1751_2011,0.0000
1859,1751_2011,0.0000
1860,1751_2011,0.0000
1861,1751_2011,0.0000
1862,1751_2011,0.0000
1863,1751_2011,0.0000
1864,1751_2011,0.0000
1865,1751_2011,0.0000
1866,1751_2011,0.0000
1867,1751_2011,0.0000
1868,1751_2011,0.0000
1869,1751_2011,0.0000
1870,1751_2011,0.0000
1871,1751_2011,0.0000
1872,1751_2011,0.0000
1873,1751_2011,0.0000
1874,1751_2011,0.0000
1875,1751_2011,0.0000
1876,1751_2011,0.0000
1877,1751_2011,0.0000
1878,1751_2011,0.0000
1879,1751_2011,0.0000
1880,1751_2011,0.0000
1881,1751_2011,0.0000
1882,1751_2011,0.0000
1883,1751_2011,0.0000
1884,1751_2011,0.0000
1885,1751_2011,0.0000
1886,1751_2011,0.0000
1887,1751_2011,0.0000
1888,1751_2011,0.0000
1889,1751_2011,0.0000
1890,1751_2011,0.0000
1891,1751_2011,0.0000
1892,1751_2011,0.0000
1893,1751_2011,0.0000
1894,1751_2011,0.0000
1895,1751_2011,0.0000
1896,1751_2011,0.0000
1897,1751_2011,0.0000
1898,1751_2011,0.0000
1899,1751_2011,0.0000
1900,1751_2011,0.0000
1901,1751_2011,0.0000
1902,1751_2011,0.0000
1903,1751_2011,0.0000
1904,1751_2011,0.0000
1905,1751_2011,0.0000
1906,1751_2011,0.0000
1907,1751_2011,0.0000
1908,1751_2011,0.0000
1909,1751_2011,0.0000
1910,1751_2011,0.0000
1911,1751_2011,0.0000
1912,1751_2011,0.0000
1913,1751_2011,0.0000
1914,1751_2011,0.0000
1915,1751_2011,0.0000
1916,1751_2011,0.0000
1917,1751_2011,0.0000
1918,1751_2011,0.0000
1919,1751_2011,0.0000
1920,1751_2011,0.0000
1921,1751_2011,0.0000
1922,1751_2011,0.0000
1923,1751_2011,0.0000
1924,1751_2011,0.0000
1925,1751_2011,0.0000
1926,1751_2011,0.0000
1927,1751_2011,0.0000
1928,1751_2011,0.0000
1929,1751_2011,0.0000
1930,1751_2011,0.0000
1931,1751_2011,0.0000
1932,1751_2011,0.0000
1933,1751_2011,0.0000
1934,1751_2011,0.0000
1935,1751_2011,0.0000
1936,1751_2011,0.0000
1937,1751_2011,0.0000
1938,1751_2011,0.0000
1939,1751_2011,0.0000
1940,1751_2011,0.0000
1941,1751_2011,0.0000
1942,1751_2011,0.0000
1943,1751_2011,0.0000
1944,1751_2011,0.0000
1945,1751_2011,0.0000
1946,1751_2011,0.0000
1947,1751_2011,0.0000
1948,1751_2011,0.0000
1949,1751_2011,0.0000
1950,1751_2011,23.000
1951,1751_2011,24.000
1952,1751_2011,26.000
1953,1751_2011,27.000
1954,1751_2011,27.000
1955,1751_2011,31.000
1956,1751_2011,32.000
1957,1751_2011,35.000
1958,1751_2011,35.000
1959,1751_2011,36.000
1960,1751_2011,39.000
1961,1751_2011,42.000
1962,1751_2011,44.000
1963,1751_2011,47.000
1964,1751_2011,51.000
1965,1751_2011,55.000
1966,1751_2011,60.000
1967,1751_2011,66.000
1968,1751_2011,73.000
1969,1751_2011,80.000
1970,1751_2011,87.000
1971,1751_2011,88.000
1972,1751_2011,95.000
1973,1751_2011,110.00
1974,1751_2011,107.00
1975,1751_2011,92.000
1976,1751_2011,108.00
1977,1751_2011,104.00
1978,1751_2011,106.00
1979,1751_2011,98.000
1980,1751_2011,86.000
1981,1751_2011,65.000
1982,1751_2011,64.000
1983,1751_2011,58.000
1984,1751_2011,51.000
1985,1751_2011,49.000
1986,1751_2011,46.000
1987,1751_2011,44.000
1988,1751_2011,50.000
1989,1751_2011,41.000
1990,1751_2011,40.000
1991,1751_2011,44.000
1992,1751_2011,34.000
1993,1751_2011,36.000
1994,1751_2011,38.000
1995,1751_2011,36.000
1996,1751_2011,37.000
1997,1751_2011,38.000
1998,1751_2011,35.000
1999,1751_2011,33.000
2000,1751_2011,45.000
2001,1751_2011,46.000
2002,1751_2011,48.000
2003,1751_2011,47.000
2004,1751_2011,53.000
2005,1751_2011,59.000
2006,1751_2011,61.000
2007,1751_2011,65.000
2008,1751_2011,68.000
2009,1751_2011,63.000
2010,1751_2011,65.000
2011,1751_2011,63.000
